0782140661,1
0782140661,2
0782140661,3
0782140661,4
0782140661,5
0072227885,6
0471200247,7
0471200247,8
0072227710,9
1558605525,10
1558605525,11
0972263608,12
0201615762,13
0782140114,14
0782140114,15
0782140114,16
0321125169,17
0321125169,18
0321125169,19
0321125169,20
0805317554,21
0805317554,22
1861004486,23
0735712123,24
0425188361,25
0142001740,26
0596004478,27
0596004478,28
0071414339,29
0312311354,30
0312287941,31
0312243022,32
0609610570,33
0609610570,34
0609610570,35
0316602051,36
0316602051,37
0743222008,38
0066214750,39
0787960756,40
0743206061,41
1590520734,42
0060934417,43
0440237556,44
0373272839,45
0670031518,46
0738206679,47
067976867X,48
0679450785,48
1579550088,49
0684843285,50
0471358983,51
0471358983,52
0394739698,53
0394739698,54
1586851322,55
1586851322,56
1586851357,57
156158648X,58
0865659982,59
0865659982,60
0865659982,61
0517576600,62
0517576600,63
0517576600,64
0517576600,65
0262024829,66
0262024829,67
0072294337,68
0072294337,69
0072315318,70
0324107501,71
0324107501,72
0324107501,73
0471363049,74
0471363049,75
0471363049,76
0130323519,77
0130323519,78
0130323519,79
0446527793,80
0743206061,41
0743244249,81
0743467523,82
0375703764,83
0345452089,84
0385504470,85
0312276702,86
0743457358,82
1880418568,82
1880418568,87
0743455967,82
0140077022,81
0679722955,81
0684848155,81
0471286168,51
0471288217,51
0156006219,43
0060540753,43
0393318486,46
0060958332,46
0060958405,46
0393319407,48
067463442X,48
0446608955,80
0446676098,80
0446606812,80
0262521415,66
0262232197,88
0324113641,88
0471391123,89
0130998516,90
1565924916,91
0735712360,92
0735712379,92
0735713170,92
1558606432,93
0072222743,94
0345409469,95
0375508325,95
0345336895,95
0671004107,95
0345376595,95
0316666343,96
0316096199,96
038572179X,97
0385494246,97
0385494327,97
0385494149,97
0399149848,98
0373218192,98
0373218257,98
0399149392,98
1561584029,99
1579902944,99
1561586196,100
0061092177,101
0060502935,101
0061020656,101
0060855925,101
0061020648,101
0061161721,101
0000000001,102
0000000002,103
0000000003,104
0000000004,105
0000000005,106
0000000006,107
0000000007,108
0000000008,109
0000000009,110
0000000010,111
0000000011,112
0000000012,113
0000000013,114
0000000014,115
0000000015,116
0000000016,117
0000000017,118
0000000018,119
0000000019,120
0000000020,121