id,timestamp,amount,epayer,epayee
1,8/1/2014 14:54:54,7.99,121,204
2,8/1/2014 14:54:54,7.99,122,205
3,8/1/2014 14:54:54,7.99,123,206
4,8/1/2014 14:54:54,7.99,124,207
5,8/1/2014 14:54:54,25.95,125,208
6,8/1/2014 14:54:54,18.95,126,209
7,8/1/2014 14:54:54,59.99,127,210
8,8/1/2014 14:54:54,17.49,128,211
9,8/1/2014 14:54:54,34.99,129,212
10,8/1/2014 14:54:54,122.5,130,213
11,8/1/2014 14:54:54,79.2,131,214
12,8/1/2014 14:54:54,126.67,132,215
13,8/1/2014 14:54:54,83,133,216
14,8/1/2014 14:54:54,14,134,217
15,8/1/2014 14:54:54,14,135,218
16,8/1/2014 14:54:54,13,136,219
17,8/1/2014 14:54:54,38.49,137,220
18,8/1/2014 14:54:54,70,138,221
19,8/1/2014 14:54:54,74.95,139,222
20,8/1/2014 14:54:54,48,140,223