eid,slogan
142,f396a2af-9ddc-4b15-9d4e-d63b276c9337
143,84a60f40-32f5-40f3-8b95-55c3bfa81860
144,9d0fc907-45a0-4cb5-b5e7-86c93b40a231
145,46169d56-4b0c-4165-9189-836998a7493f
146,76a0ad01-70aa-4f67-bfa3-b0fbed8982dc
147,c647a402-5cc5-4a93-878a-deaabfab37a9
148,9fd61b7c-b0ec-499f-9c6f-1cfa99345065
149,987c9749-c1ef-4f3e-be3d-c566de5db94f
150,b852889b-9518-4a87-a281-9a78af9c43f2
151,3ae30aa1-c230-4b3c-9ec0-c8f29adaa4d0
152,d1c96324-bcd3-4dfc-b187-dc9196cd7dec
153,69d53bfa-b8bc-40f4-89dd-ad25025db959
154,3dbea102-a77a-4ba0-a7e9-0a89e5c61863
155,5c332d20-ed6b-4e93-bfb3-f297fd73affc
156,442a7985-f793-4c72-9298-28abd3ee2348
157,29cc7d65-6e8a-4e10-9d34-b11f2cdd51cd
158,b828824f-7389-471c-bed9-544f010d321d
159,e01a4dea-f274-4527-ba77-1a4c68de9b35
160,f5071abe-5fa7-4ca1-b910-361fdd2be2c9
161,e1561442-1f80-49f2-8d2c-e57813c49daa
162,e3efeaf9-6d91-438f-a893-2c716a47155d
163,6f95d94f-35ff-4bc6-9bae-e8047eb6321c
164,f7edb371-c361-46fe-9b26-dd03105d4a6a
165,f3b4219e-01cd-42dc-b23e-484a12d412b5
166,9ac3bb08-6bcd-4eab-a7a5-c23010656b0f
167,f73ce477-1979-4421-9551-fc13931843e8
168,f4ec2a84-28b0-490a-a73e-eed1498a68d5
169,f1224e19-598b-4b31-ae03-6a0e9480015c
170,0ecf9986-840c-48c8-abc9-37e8617eea37
171,69438231-7839-4db8-ac9f-594fffead95b
172,a089029c-8acf-4537-acfb-856540e0db99
173,7e17e654-ee0f-4599-8743-5e43c0904757
174,b1d90da2-0f02-49c7-9a62-e0b0d5774ea9
175,5166fd24-726d-4ab4-ad33-3aec147bd7c5
176,02a94a37-deb2-46cd-bdfc-bd10088f8b26
177,717b918c-6bc3-4df5-acbb-071da415b7f2
178,62872b14-d0b7-46b0-b4e6-b779219fb90a
179,36456ea1-e219-4433-a4c2-212d6a8672f7
180,a2cfff4e-238e-4502-a8eb-3d8b11869992
181,2b6b477e-94df-4bab-accb-4f6eb5eba9e0
182,6f8a9c1a-30eb-4273-b81e-1f7ca5e62c77
183,dc00f3e9-a77d-4521-ac60-9766f1efc712
184,222d1355-01c6-474f-b015-55073555ef5a
185,c1f6b37d-a031-4887-868c-5a84c0396dac
186,bc9b7365-15c5-439d-88ed-7e7bfab63e2f
187,c2bbc64a-4a8a-4696-865e-5db90249cc95
188,f8462a91-eda9-42be-86fa-80ba65ca9fad
189,85ce7b42-edea-4876-ae5f-8e381e65a97e
190,0fb7a97e-12a0-4a1d-9ae9-a169625d2713
191,94d3ecac-99ed-486a-811d-849189c1a658
192,47bcd2b9-8057-48fa-896b-2b76e59f899b
193,74993d89-fd54-4c86-a11e-6827772b961f
194,f7d905c2-6aa8-4320-ae87-d94cd2eb1973
195,1ba07ba1-3089-4179-855b-9777dfa8fadc
196,96ec1887-7fd2-4236-a447-ca074fa07825
197,2fac606e-aeeb-4a6f-a4bb-182e8ae55298
198,1e0f9d57-8045-468e-aff6-044480827f41
199,7bf4da67-4219-414a-aedb-9ae4751e24a4
200,1e2c165a-2d05-497f-81dd-0497999cbcbb
201,a32cedef-d304-4275-ab3b-23ad9b54efc5
202,2729b0fd-e737-455c-abb2-bf056f4c4668
203,0f102a52-1b70-4055-8f30-72e690720b8e